{"cameraMode":{"drawMode":0,"name":"Shaded","section":"Shading Mode"},"sceneLighting":false,"audioPlay":false,"sceneViewState":{"m_AlwaysRefresh":false,"showFog":true,"showSkybox":false,"showFlares":true,"showImageEffects":true,"showParticleSystems":true,"showVisualEffectGraphs":true,"m_FxEnabled":true},"in2DMode":false,"pivot":{"x":0.3977294862270355,"y":-0.4316686987876892,"z":0.41125911474227908},"rotation":{"x":0.06444820016622544,"y":0.014968202449381352,"z":-0.0009668538114055991,"w":0.9978093504905701},"size":0.9462766647338867,"orthographic":true}