{"cameraMode":{"drawMode":0,"name":"Shaded","section":"Shading Mode"},"sceneLighting":false,"audioPlay":false,"sceneViewState":{"m_AlwaysRefresh":false,"showFog":true,"showSkybox":false,"showFlares":true,"showImageEffects":true,"showParticleSystems":true,"showVisualEffectGraphs":true,"m_FxEnabled":true},"in2DMode":false,"pivot":{"x":-2.0160000324249269,"y":2.4769999980926515,"z":4.309999942779541},"rotation":{"x":0.023912036791443826,"y":-0.9720848202705383,"z":0.11425882577896118,"w":0.2036353200674057},"size":0.7521867752075195,"orthographic":false}