{"cameraMode":{"drawMode":0,"name":"Shaded","section":"Shading Mode"},"sceneLighting":false,"audioPlay":false,"sceneViewState":{"m_AlwaysRefresh":false,"showFog":true,"showSkybox":false,"showFlares":true,"showImageEffects":true,"showParticleSystems":true,"showVisualEffectGraphs":true,"m_FxEnabled":true},"in2DMode":false,"pivot":{"x":-2.041903495788574,"y":1.8272862434387208,"z":1.8676024675369263},"rotation":{"x":0.014249728061258793,"y":-0.9801532626152039,"z":0.07660733908414841,"w":0.18230870366096497},"size":0.764125406742096,"orthographic":false}