{"cameraMode":{"drawMode":0,"name":"Shaded","section":"Shading Mode"},"sceneLighting":true,"audioPlay":false,"sceneViewState":{"m_AlwaysRefresh":false,"showFog":true,"showSkybox":true,"showFlares":true,"showImageEffects":true,"showParticleSystems":true,"showVisualEffectGraphs":true,"m_FxEnabled":true},"in2DMode":false,"pivot":{"x":-1.3717423677444459,"y":0.37429484724998476,"z":10.73928165435791},"rotation":{"x":0.014282832853496075,"y":-0.9660441279411316,"z":0.15851609408855439,"w":0.20360161364078523},"size":1.3863509893417359,"orthographic":false}