{"cameraMode":{"drawMode":0,"name":"Shaded","section":"Shading Mode"},"sceneLighting":false,"audioPlay":false,"sceneViewState":{"m_AlwaysRefresh":false,"showFog":true,"showSkybox":false,"showFlares":true,"showImageEffects":true,"showParticleSystems":true,"showVisualEffectGraphs":true,"m_FxEnabled":true},"in2DMode":false,"pivot":{"x":1.6700174808502198,"y":0.8882321119308472,"z":0.9700000286102295},"rotation":{"x":0.03747943416237831,"y":-0.02547970786690712,"z":0.0009540196624584496,"w":0.9989763498306274},"size":0.34403297305107119,"orthographic":false}